Experiment	Maximal difference	Mean difference
Microbiome	1.0835776720341528e-13	2.6531637000976556e-14
Microbiome_smpc	1.3240963880889467e-10	2.230303693174141e-11
Proteomics_balanced	1.1368683772161603e-13	3.523266328033364e-14
Proteomics_balanced_smpc	1.1711982494944095e-09	9.391449113409364e-11
Proteomics_imbalanced	1.2079226507921703e-13	3.5296042140537846e-14
Proteomics_imbalanced_smpc	2.0282477919408848e-09	2.1777885120135503e-10
Microarray	1.0480505352461478e-13	8.279152860469088e-15
Microarray_smpc	5.658344903736179e-10	1.4508147468950895e-10
